<?xml version="1.0" encoding="UTF-8"?>
<GenRun Id="DRAM7_synth_1" LaunchPart="xczu5ev-sfvc784-1-i" LaunchTime="1743650100">
  <File Type="PA-TCL" Name="DRAM7.tcl"/>
  <File Type="REPORTS-TCL" Name="DRAM7_reports.tcl"/>
  <File Type="RDS-RDS" Name="DRAM7.vds"/>
  <File Type="RDS-UTIL" Name="DRAM7_utilization_synth.rpt"/>
  <File Type="RDS-UTIL-PB" Name="DRAM7_utilization_synth.pb"/>
  <File Type="RDS-DCP" Name="DRAM7.dcp"/>
  <FileSet Name="sources" Type="BlockSrcs" RelSrcDir="$PSRCDIR/DRAM7">
    <File Path="$PPRDIR/IP/DRAM7/DRAM7.xci">
      <FileInfo>
        <Attr Name="UsedIn" Val="synthesis"/>
        <Attr Name="UsedIn" Val="implementation"/>
        <Attr Name="UsedIn" Val="simulation"/>
      </FileInfo>
    </File>
    <Config>
      <Option Name="TopModule" Val="DRAM7"/>
      <Option Name="UseBlackboxStub" Val="1"/>
    </Config>
  </FileSet>
  <FileSet Name="constrs_in" Type="BlockSrcs" RelSrcDir="$PSRCDIR/DRAM7">
    <File Path="$PPRDIR/IP/DRAM7/DRAM7.xci">
      <FileInfo>
        <Attr Name="UsedIn" Val="synthesis"/>
        <Attr Name="UsedIn" Val="implementation"/>
        <Attr Name="UsedIn" Val="simulation"/>
      </FileInfo>
    </File>
    <Config>
      <Option Name="TopModule" Val="DRAM7"/>
      <Option Name="UseBlackboxStub" Val="1"/>
    </Config>
  </FileSet>
  <FileSet Name="utils" Type="Utils" RelSrcDir="$PSRCDIR/utils_1">
    <Filter Type="Utils"/>
    <Config>
      <Option Name="TopAutoSet" Val="TRUE"/>
    </Config>
  </FileSet>
  <Strategy Version="1" Minor="2">
    <StratHandle Name="Vivado Synthesis Defaults" Flow="Vivado Synthesis 2019"/>
    <Step Id="synth_design"/>
  </Strategy>
</GenRun>
