<?xml version="1.0" encoding="UTF-8"?>
<GenRun Id="DRAM3_synth_1" LaunchPart="xczu5ev-sfvc784-1-i" LaunchTime="1743650100">
  <File Type="PA-TCL" Name="DRAM3.tcl"/>
  <File Type="REPORTS-TCL" Name="DRAM3_reports.tcl"/>
  <File Type="RDS-RDS" Name="DRAM3.vds"/>
  <File Type="RDS-UTIL" Name="DRAM3_utilization_synth.rpt"/>
  <File Type="RDS-UTIL-PB" Name="DRAM3_utilization_synth.pb"/>
  <File Type="RDS-DCP" Name="DRAM3.dcp"/>
  <FileSet Name="sources" Type="BlockSrcs" RelSrcDir="$PSRCDIR/DRAM3">
    <File Path="$PPRDIR/IP/DRAM3/DRAM3.xci">
      <FileInfo>
        <Attr Name="UsedIn" Val="synthesis"/>
        <Attr Name="UsedIn" Val="implementation"/>
        <Attr Name="UsedIn" Val="simulation"/>
      </FileInfo>
    </File>
    <Config>
      <Option Name="TopModule" Val="DRAM3"/>
      <Option Name="UseBlackboxStub" Val="1"/>
    </Config>
  </FileSet>
  <FileSet Name="constrs_in" Type="BlockSrcs" RelSrcDir="$PSRCDIR/DRAM3">
    <File Path="$PPRDIR/IP/DRAM3/DRAM3.xci">
      <FileInfo>
        <Attr Name="UsedIn" Val="synthesis"/>
        <Attr Name="UsedIn" Val="implementation"/>
        <Attr Name="UsedIn" Val="simulation"/>
      </FileInfo>
    </File>
    <Config>
      <Option Name="TopModule" Val="DRAM3"/>
      <Option Name="UseBlackboxStub" Val="1"/>
    </Config>
  </FileSet>
  <FileSet Name="utils" Type="Utils" RelSrcDir="$PSRCDIR/utils_1">
    <Filter Type="Utils"/>
    <Config>
      <Option Name="TopAutoSet" Val="TRUE"/>
    </Config>
  </FileSet>
  <Strategy Version="1" Minor="2">
    <StratHandle Name="Vivado Synthesis Defaults" Flow="Vivado Synthesis 2019"/>
    <Step Id="synth_design"/>
  </Strategy>
</GenRun>
