<?xml version="1.0"?>
<Runs Version="1" Minor="0">
	<Run Id="DRAM1_synth_1" LaunchDir="D:/A_FPGA_xlinx/Fold_HashV1.0/Fold_Hash/Fold_Hash.runs/DRAM1_synth_1" FlowId="Vivado_Synthesis" FromStepId="vivado" ToStepId="vivado"/>
	<Run Id="DRAM2_synth_1" LaunchDir="D:/A_FPGA_xlinx/Fold_HashV1.0/Fold_Hash/Fold_Hash.runs/DRAM2_synth_1" FlowId="Vivado_Synthesis" FromStepId="vivado" ToStepId="vivado"/>
	<Run Id="DRAM3_synth_1" LaunchDir="D:/A_FPGA_xlinx/Fold_HashV1.0/Fold_Hash/Fold_Hash.runs/DRAM3_synth_1" FlowId="Vivado_Synthesis" FromStepId="vivado" ToStepId="vivado"/>
	<Run Id="DRAM4_synth_1" LaunchDir="D:/A_FPGA_xlinx/Fold_HashV1.0/Fold_Hash/Fold_Hash.runs/DRAM4_synth_1" FlowId="Vivado_Synthesis" FromStepId="vivado" ToStepId="vivado"/>
	<Run Id="DRAM5_synth_1" LaunchDir="D:/A_FPGA_xlinx/Fold_HashV1.0/Fold_Hash/Fold_Hash.runs/DRAM5_synth_1" FlowId="Vivado_Synthesis" FromStepId="vivado" ToStepId="vivado"/>
	<Run Id="DRAM6_synth_1" LaunchDir="D:/A_FPGA_xlinx/Fold_HashV1.0/Fold_Hash/Fold_Hash.runs/DRAM6_synth_1" FlowId="Vivado_Synthesis" FromStepId="vivado" ToStepId="vivado"/>
	<Run Id="DRAM7_synth_1" LaunchDir="D:/A_FPGA_xlinx/Fold_HashV1.0/Fold_Hash/Fold_Hash.runs/DRAM7_synth_1" FlowId="Vivado_Synthesis" FromStepId="vivado" ToStepId="vivado"/>
	<Run Id="DRAM8_synth_1" LaunchDir="D:/A_FPGA_xlinx/Fold_HashV1.0/Fold_Hash/Fold_Hash.runs/DRAM8_synth_1" FlowId="Vivado_Synthesis" FromStepId="vivado" ToStepId="vivado"/>
	<Parameters>
		<Parameter Name="runs.monitorLSFJobs" Val="true" Type="bool"/>
	</Parameters>
</Runs>

